年龄,936
*碱性磷酸酶,624
尿酸,558
甘油三酯,542
*r-谷氨酰基转换酶,518
体检日期,493
尿素,490
红细胞平均体积,461
红细胞平均血红蛋白浓度,449
白细胞计数,445
红细胞计数,442
*天门冬氨酸氨基转换酶,429
id,428
血红蛋白,407
*丙氨酸氨基转换酶,384
总胆固醇,381
红细胞体积分布宽度,349
中性粒细胞%,314
白蛋白,304
红细胞压积,303
淋巴细胞%,298
血小板体积分布宽度,290
血小板计数,279
*总蛋白,276
血小板平均体积,272
肌酐,265
低密度脂蛋白胆固醇,263
高密度脂蛋白胆固醇,253
单核细胞%,234
红细胞平均血红蛋白量,216
*球蛋白,204
嗜酸细胞%,187
血小板比积,183
白球比例,159
嗜碱细胞%,99
性别,67
乙肝核心抗体,57
乙肝e抗体,50
乙肝表面抗体,48
乙肝e抗原,31
乙肝表面抗原,24
